,Date,month,Open,High,Low,Close,Volume,Market Cap,Mean,normalize,Diff,Class
0,7-Nov-17,Nov,7023.1,7253.32,7023.1,7144.38,"2,326,340,000","117,056,000,000",7083.74,5.626075801,,FALSE
1,6-Nov-17,Nov,7213.81,7435.4,7178.145,7275.895,"3,111,900,000","123,379,000,000",7244.8525,5.77088334,0.144807539,FALSE
2,5-Nov-17,Nov,7404.52,7617.48,7333.19,7407.41,"2,380,410,000","123,388,000,000",7405.965,5.915690879,0.144807539,TRUE
3,4-Nov-17,Nov,7246.025,7539.385,7168.065,7307.585,"2,483,800,000","119,376,000,000",7276.805,5.799602172,-0.116088707,TRUE
4,3-Nov-17,Nov,7011.8975,7453.3575,6963.3925,7193.0425,"3,369,860,000","118,084,000,000",7102.47,5.642910281,-0.156691891,TRUE
5,2-Nov-17,Nov,6726.43375,7110.33375,6670.63625,6980.17625,"4,653,770,000","112,910,000,000",6853.305,5.418961361,-0.22394892,TRUE
6,1-Nov-17,Nov,6429.226875,6790.381875,6386.983125,6724.288125,"2,870,320,000","107,287,000,000",6576.7575,5.170401113,-0.248560248,TRUE
7,31-Oct-17,Oct,6272.038438,6502.685938,6213.916563,6427.409063,"2,311,380,000","102,130,000,000",6349.72375,4.966343708,-0.204057405,TRUE
8,30-Oct-17,Oct,6013.239219,6379.197969,5969.248281,6290.629531,"1,772,150,000","101,833,000,000",6151.934375,4.78857108,-0.177772629,TRUE
9,29-Oct-17,Oct,5900.529609,6127.958984,5829.219141,6021.859766,"2,859,040,000","95,819,800,000",5961.194688,4.617134694,-0.171436386,TRUE
10,28-Oct-17,Oct,5787.82,5876.72,5689.19,5753.09,"1,403,920,000","96,369,600,000",5770.455,4.445698308,-0.171436386,FALSE
11,27-Oct-17,Oct,5899.74,5988.39,5728.82,5780.9,"1,710,130,000","98,225,400,000",5840.32,4.508492807,0.062794499,FALSE
12,26-Oct-17,Oct,5747.95,5976.8,5721.22,5904.83,"1,905,040,000","95,685,100,000",5826.39,4.495972555,-0.012520251,TRUE
13,25-Oct-17,Oct,5524.6,5754.33,5397.88,5750.8,"1,966,990,000","91,954,200,000",5637.7,4.326378424,-0.169594132,TRUE
14,24-Oct-17,Oct,5935.52,5935.52,5504.18,5526.64,"2,735,700,000","98,781,600,000",5731.08,4.41030815,0.083929726,FALSE
15,23-Oct-17,Oct,6006,6075.59,5732.47,5930.32,"2,401,840,000","99,941,600,000",5968.16,4.6233951,0.213086951,FALSE
16,22-Oct-17,Oct,6036.66,6076.26,5792.34,6008.42,"2,034,630,000","100,438,000,000",6022.54,4.672271717,0.048876617,FALSE
17,21-Oct-17,Oct,5996.79,6194.88,5965.07,6031.6,"2,207,100,000","99,763,200,000",6014.195,4.664771251,-0.007500467,TRUE
18,20-Oct-17,Oct,5790.265,5969.615,5748.065,5870.06,"2,354,430,000","94,947,900,000",5830.1625,4.499363269,-0.165407982,TRUE
19,19-Oct-17,Oct,5583.74,5744.35,5531.06,5708.52,"1,780,540,000","92,867,000,000",5646.13,4.333955288,-0.165407982,TRUE
20,18-Oct-17,Oct,5603.82,5603.82,5151.44,5590.69,"2,399,270,000","93,190,200,000",5597.255,4.290026552,-0.043928736,FALSE
21,17-Oct-17,Oct,5741.58,5800.35,5472.72,5605.51,"1,821,570,000","95,469,300,000",5673.545,4.358595826,0.068569274,FALSE
22,16-Oct-17,Oct,5687.57,5776.23,5544.21,5725.59,"2,008,070,000","94,559,000,000",5706.58,4.388287607,0.029691781,TRUE
23,15-Oct-17,Oct,5835.96,5852.48,5478.61,5678.19,"1,976,040,000","97,011,900,000",5757.075,4.433672395,0.045384788,FALSE
24,14-Oct-17,Oct,5643.53,5837.7,5591.64,5831.79,"1,669,030,000","93,803,000,000",5737.66,4.416222238,-0.017450157,TRUE
25,13-Oct-17,Oct,5236.555,5642.305,5206.82,5639.35,"3,615,480,000","90,812,400,000",5437.9525,4.146845837,-0.269376402,TRUE
26,12-Oct-17,Oct,5012.9025,5258.0175,4979.225,5232.915,"2,791,610,000","80,256,700,000",5122.90875,3.863685249,-0.283160587,TRUE
27,11-Oct-17,Oct,4789.25,4873.73,4751.63,4826.48,"1,222,280,000","79,578,200,000",4807.865,3.580524662,-0.283160587,TRUE
28,10-Oct-17,Oct,4776.21,4922.17,4765.1,4781.99,"1,597,140,000","79,351,800,000",4779.1,3.554670747,-0.025853915,TRUE
29,9-Oct-17,Oct,4614.52,4878.71,4564.25,4772.02,"1,968,740,000","76,656,500,000",4693.27,3.477526944,-0.077143804,TRUE
30,8-Oct-17,Oct,4491.935,4661.295,4442.65,4599.455,"1,313,870,000","73,575,400,000",4545.695,3.344886878,-0.132640066,TRUE
31,7-Oct-17,Oct,4369.35,4443.88,4321.05,4426.89,"906,928,000","72,565,100,000",4398.12,3.212246813,-0.132640066,TRUE
32,6-Oct-17,Oct,4324.46,4413.27,4320.53,4370.81,"1,069,940,000","71,810,600,000",4347.635,3.166871012,-0.0453758,TRUE
33,5-Oct-17,Oct,4229.88,4362.64,4164.05,4328.41,"1,161,770,000","70,233,700,000",4279.145,3.10531236,-0.061558652,TRUE
34,4-Oct-17,Oct,4319.37,4352.31,4210.42,4229.36,"1,116,770,000","71,712,500,000",4274.365,3.101016107,-0.004296253,FALSE
35,3-Oct-17,Oct,4408.46,4432.47,4258.89,4317.48,"1,288,020,000","73,181,300,000",4362.97,3.180654075,0.079637967,FALSE
36,2-Oct-17,Oct,4395.81,4470.23,4377.46,4409.32,"1,431,730,000","72,963,200,000",4402.565,3.216241968,0.035587894,TRUE
37,1-Oct-17,Oct,4341.05,4403.74,4269.81,4403.74,"1,208,210,000","72,047,300,000",4372.395,3.189125243,-0.027116726,TRUE
38,30-Sep-17,Sep,4166.11,4358.43,4160.86,4338.71,"1,207,450,000","69,136,600,000",4252.41,3.081283005,-0.107842238,TRUE
39,29-Sep-17,Sep,4171.62,4214.63,4039.29,4163.07,"1,367,050,000","69,219,200,000",4167.345,3.004826781,-0.076456223,FALSE
40,28-Sep-17,Sep,4197.13,4279.31,4109.7,4174.73,"1,712,320,000","69,633,200,000",4185.93,3.021530936,0.016704155,TRUE
41,27-Sep-17,Sep,4062.77,4124.6,3989.8,4033.54,"1,686,880,000","64,579,200,000",4048.155,2.897699087,-0.123831848,TRUE
42,26-Sep-17,Sep,3928.41,3969.89,3869.9,3892.35,"1,043,740,000","65,161,000,000",3910.38,2.773867239,-0.123831848,FALSE
43,25-Sep-17,Sep,3681.58,3950.25,3681.58,3926.07,"1,374,210,000","61,061,100,000",3803.825,2.678095854,-0.095771385,TRUE
44,24-Sep-17,Sep,3796.15,3796.15,3666.9,3682.84,"768,015,000","62,954,300,000",3739.495,2.6202762,-0.057819654,FALSE
45,23-Sep-17,Sep,3629.92,3819.21,3594.58,3792.4,"928,114,000","60,190,000,000",3711.16,2.594808768,-0.025467432,TRUE
46,22-Sep-17,Sep,3628.02,3758.27,3553.53,3630.7,"1,194,830,000","60,152,300,000",3629.36,2.521287119,-0.073521649,FALSE
47,21-Sep-17,Sep,3772.19,3894.83,3705.63,3768.325,"1,411,480,000","64,677,600,000",3770.2575,2.647925463,0.126638344,FALSE
48,20-Sep-17,Sep,3916.36,4031.39,3857.73,3905.95,"1,213,830,000","64,918,500,000",3911.155,2.774563807,0.126638344,FALSE
49,19-Sep-17,Sep,4073.79,4094.07,3868.87,3924.97,"1,563,980,000","67,520,300,000",3999.38,2.853860231,0.079296424,TRUE
50,18-Sep-17,Sep,3840.035,3879.44,3657.255,3753.925,"1,943,210,000","59,514,100,000",3796.98,2.671943583,-0.181916648,TRUE
51,17-Sep-17,Sep,3606.28,3664.81,3445.64,3582.88,"1,239,150,000","59,757,800,000",3594.58,2.490026936,-0.181916648,FALSE
52,16-Sep-17,Sep,3637.75,3808.84,3487.79,3625.04,"1,818,400,000","60,271,600,000",3631.395,2.523116172,0.033089236,FALSE
53,15-Sep-17,Sep,3166.3,3733.45,2946.62,3637.52,"4,148,070,000","52,453,500,000",3401.91,2.31685559,-0.206260582,FALSE
54,14-Sep-17,Sep,3649.14,3932.715,3368.27,3760.055,"2,716,310,000","64,191,600,000",3704.5975,2.588910408,0.272054819,FALSE
55,13-Sep-17,Sep,3909.01,4138.6825,3726.745,3945.4325,"2,219,410,000","68,432,200,000",3927.22125,2.789004115,0.200093707,FALSE
56,12-Sep-17,Sep,4168.88,4344.65,4085.22,4130.81,"1,864,530,000","69,033,400,000",4149.845,2.989097822,0.200093707,FALSE
57,11-Sep-17,Sep,4122.47,4261.67,4099.4,4161.27,"1,557,330,000","68,256,000,000",4141.87,2.981929911,-0.007167911,TRUE
58,10-Sep-17,Sep,4229.34,4245.44,3951.04,4122.94,"1,679,090,000","70,018,100,000",4176.14,3.012731707,0.030801796,FALSE
59,9-Sep-17,Sep,4229.81,4308.82,4114.11,4226.06,"1,386,230,000","70,017,200,000",4227.935,3.059284932,0.046553225,FALSE
60,8-Sep-17,Sep,4409.475,4481.93,4302.72,4412.97,"2,700,890,000","76,220,200,000",4411.2225,3.224023309,0.164738377,FALSE
61,7-Sep-17,Sep,4589.14,4655.04,4491.33,4599.88,"1,844,620,000","75,945,000,000",4594.51,3.388761686,0.164738377,TRUE
62,6-Sep-17,Sep,4376.59,4617.25,4376.59,4597.12,"2,172,100,000","72,418,700,000",4486.855,3.292001623,-0.096760063,TRUE
63,5-Sep-17,Sep,4228.29,4427.84,3998.11,4376.53,"2,697,970,000","69,954,400,000",4302.41,3.126222888,-0.165778736,FALSE
64,4-Sep-17,Sep,4406.78,4570.96,4207.85,4479.745,"2,987,330,000","75,955,500,000",4443.2625,3.252820786,0.126597898,FALSE
65,3-Sep-17,Sep,4654.1,4773,4338.545,4529.2575,"1,933,190,000","75,841,700,000",4591.67875,3.386216965,0.133396179,FALSE
66,2-Sep-17,Sep,4901.42,4975.04,4469.24,4578.77,"2,722,140,000","81,060,600,000",4740.095,3.519613144,0.133396179,FALSE
67,1-Sep-17,Sep,4701.76,4892.01,4678.53,4892.01,"2,599,080,000","77,748,400,000",4796.885,3.570655864,0.051042719,TRUE
68,31-Aug-17,Aug,4555.59,4736.05,4549.4,4703.39,"1,944,930,000","75,322,300,000",4629.49,3.420201629,-0.150454235,TRUE
69,30-Aug-17,Aug,4570.36,4626.52,4471.41,4565.3,"1,937,850,000","75,556,600,000",4567.83,3.364781764,-0.055419864,FALSE
70,29-Aug-17,Aug,4389.21,4625.68,4352.13,4579.02,"2,486,080,000","72,553,800,000",4484.115,3.289538918,-0.075242847,TRUE
71,28-Aug-17,Aug,4384.45,4403.93,4224.64,4382.66,"1,959,330,000","72,467,900,000",4383.555,3.199155825,-0.090383093,FALSE
72,27-Aug-17,Aug,4345.1,4416.59,4317.29,4382.88,"1,537,460,000","71,809,200,000",4363.99,3.181570848,-0.017584976,TRUE
73,26-Aug-17,Aug,4372.06,4379.28,4269.52,4352.4,"1,511,610,000","72,249,100,000",4362.23,3.179988964,-0.001581884,FALSE
74,25-Aug-17,Aug,4332.82,4455.7,4307.35,4371.6,"1,727,970,000","71,595,100,000",4352.21,3.170983012,-0.009005953,TRUE
75,24-Aug-17,Aug,4210.915,4355.74,4192.88,4261.56,"2,037,750,000","68,363,900,000",4236.2375,3.066747199,-0.104235812,TRUE
76,23-Aug-17,Aug,4089.01,4255.78,4078.41,4151.52,"2,369,820,000","67,553,000,000",4120.265,2.962511387,-0.104235812,TRUE
77,22-Aug-17,Aug,3998.35,4128.76,3674.58,4100.52,"3,764,240,000","66,051,000,000",4049.435,2.898849548,-0.063661839,TRUE
78,21-Aug-17,Aug,4090.48,4109.14,3988.6,4001.74,"2,800,890,000","67,567,100,000",4046.11,2.895861046,-0.002988502,FALSE
79,20-Aug-17,Aug,4189.31,4196.29,4069.88,4087.66,"2,109,770,000","69,192,700,000",4138.485,2.97888748,0.083026434,FALSE
80,19-Aug-17,Aug,4137.75,4243.26,3970.55,4193.7,"2,975,820,000","68,333,100,000",4165.725,3.003370729,0.024483248,TRUE
81,18-Aug-17,Aug,4324.34,4370.13,4015.4,4160.62,"2,941,710,000","71,406,500,000",4242.48,3.072357944,0.068987215,FALSE
82,17-Aug-17,Aug,4384.44,4484.7,4243.71,4331.69,"2,553,360,000","72,389,100,000",4358.065,3.176245472,0.103887528,FALSE
83,16-Aug-17,Aug,4200.34,4381.23,3994.42,4376.63,"2,272,040,000","69,342,700,000",4288.485,3.11370713,-0.062538342,TRUE
84,15-Aug-17,Aug,4326.99,4455.97,3906.18,4181.93,"3,258,050,000","71,425,500,000",4254.46,3.08312554,-0.030581591,FALSE
85,14-Aug-17,Aug,4066.1,4325.13,3989.16,4325.13,"2,463,090,000","67,112,300,000",4195.615,3.030235791,-0.052889749,TRUE
86,13-Aug-17,Aug,3858.365,4137.525,3801.43,4104.92,"3,159,090,000","64,034,100,000",3981.6425,2.837917808,-0.192317984,TRUE
87,12-Aug-17,Aug,3616.0925,3908.6225,3586.775,3877.77,"2,219,590,000","60,242,100,000",3746.93125,2.626959884,-0.210957924,TRUE
88,11-Aug-17,Aug,3478.96625,3681.03625,3453.1225,3629.525,"2,021,190,000","55,668,000,000",3554.245625,2.453774494,-0.17318539,TRUE
89,10-Aug-17,Aug,3341.84,3453.45,3319.47,3381.28,"1,515,110,000","55,134,700,000",3361.56,2.280589104,-0.17318539,TRUE
90,9-Aug-17,Aug,3420.4,3422.76,3247.67,3342.47,"1,468,960,000","56,424,900,000",3381.435,2.298452707,0.017863604,FALSE
91,8-Aug-17,Aug,3370.22,3484.85,3345.83,3419.94,"1,752,760,000","55,590,300,000",3395.08,2.310716801,0.012264094,TRUE
92,7-Aug-17,Aug,3212.78,3397.68,3180.89,3378.94,"1,482,280,000","52,987,300,000",3295.86,2.221538097,-0.089178704,TRUE
93,6-Aug-17,Aug,3257.61,3293.29,3155.6,3213.94,"1,105,030,000","53,720,900,000",3235.775,2.167533839,-0.054004258,TRUE
94,5-Aug-17,Aug,3032.27,3096.31,2949.66,3054.915,"1,945,700,000","47,778,200,000",3043.5925,1.994800657,-0.172733182,TRUE
95,4-Aug-17,Aug,2806.93,2899.33,2743.72,2895.89,"1,002,120,000","46,276,200,000",2851.41,1.822067474,-0.172733182,TRUE
96,3-Aug-17,Aug,2709.56,2813.31,2685.14,2804.73,"804,797,000","44,666,400,000",2757.145,1.737342312,-0.084725162,TRUE
97,2-Aug-17,Aug,2727.13,2762.53,2668.59,2710.67,"1,094,950,000","44,950,800,000",2718.9,1.702967796,-0.034374517,FALSE
98,1-Aug-17,Aug,2871.3,2921.35,2685.61,2718.26,"1,324,670,000","47,321,800,000",2794.78,1.771168562,0.068200767,FALSE
99,31-Jul-17,Jul,2763.24,2889.62,2720.61,2875.34,"860,575,000","45,535,800,000",2819.29,1.793198093,0.022029531,TRUE
100,30-Jul-17,Jul,2724.39,2758.53,2644.85,2757.18,"705,943,000","44,890,700,000",2740.785,1.722637982,-0.070560111,TRUE
101,29-Jul-17,Jul,2807.02,2808.76,2692.8,2726.45,"803,746,000","46,246,700,000",2766.735,1.745961782,0.023323799,FALSE
102,28-Jul-17,Jul,2679.73,2897.45,2679.73,2809.01,"1,380,100,000","44,144,400,000",2744.37,1.725860172,-0.02010161,TRUE
103,27-Jul-17,Jul,2538.71,2693.32,2529.34,2671.78,"789,104,000","41,816,500,000",2605.245,1.600814947,-0.125045225,TRUE
104,26-Jul-17,Jul,2577.77,2610.76,2450.8,2529.45,"937,404,000","42,455,000,000",2553.61,1.554405529,-0.046409417,FALSE
105,25-Jul-17,Jul,2757.5,2768.08,2480.96,2576.48,"1,460,090,000","45,410,100,000",2666.99,1.656311209,0.101905679,FALSE
106,24-Jul-17,Jul,2732.7,2777.26,2699.19,2754.86,"866,474,000","44,995,600,000",2743.78,1.725329881,0.069018673,TRUE
107,23-Jul-17,Jul,2808.1,2832.18,2653.94,2730.4,"1,072,840,000","46,231,100,000",2769.25,1.748222258,0.022892377,FALSE
108,22-Jul-17,Jul,2668.63,2862.42,2657.71,2810.12,"1,177,130,000","43,929,600,000",2739.375,1.721370678,-0.02685158,TRUE
109,21-Jul-17,Jul,2838.41,2838.41,2621.85,2667.76,"1,489,450,000","46,719,000,000",2753.085,1.733693194,0.012322516,TRUE
110,20-Jul-17,Jul,2580.745,2617.79,2441.04,2470.595,"2,249,260,000","37,356,800,000",2525.67,1.529293122,-0.204400071,TRUE
111,19-Jul-17,Jul,2323.08,2397.17,2260.23,2273.43,"1,245,100,000","38,227,800,000",2298.255,1.324893051,-0.204400071,FALSE
112,18-Jul-17,Jul,2233.52,2387.61,2164.77,2318.88,"1,512,450,000","36,749,400,000",2276.2,1.305070069,-0.019822983,TRUE
113,17-Jul-17,Jul,2112.75,2223.19,2003.9,2124.35,"1,201,760,000","31,795,000,000",2118.55,1.163374617,-0.141695452,TRUE
114,16-Jul-17,Jul,1991.98,2058.77,1843.03,1929.82,"1,182,870,000","32,767,600,000",1960.9,1.021679165,-0.141695452,FALSE
115,15-Jul-17,Jul,2176.285,2211.01,2013.125,2081.58,"993,608,000","36,681,300,000",2128.9325,1.172706383,0.151027219,FALSE
116,14-Jul-17,Jul,2360.59,2363.25,2183.22,2233.34,"882,503,000","38,823,100,000",2296.965,1.323733602,0.151027219,FALSE
117,13-Jul-17,Jul,2402.7,2425.22,2340.83,2357.9,"835,770,000","39,511,000,000",2380.3,1.398634906,0.074901304,FALSE
118,12-Jul-17,Jul,2332.77,2423.71,2275.14,2398.84,"1,117,410,000","38,355,900,000",2365.805,1.385606834,-0.013028072,TRUE
119,11-Jul-17,Jul,2385.89,2413.47,2296.81,2337.79,"1,329,760,000","39,224,200,000",2361.84,1.382043101,-0.003563733,FALSE
120,10-Jul-17,Jul,2525.25,2537.16,2321.13,2372.56,"1,111,200,000","41,509,000,000",2448.905,1.46029692,0.078253819,FALSE
121,9-Jul-17,Jul,2572.61,2635.49,2517.59,2518.44,"527,856,000","42,283,200,000",2545.525,1.54713875,0.086841831,FALSE
122,8-Jul-17,Jul,2520.27,2571.34,2492.31,2571.34,"733,330,000","41,417,700,000",2545.805,1.547390414,0.000251663,TRUE
123,7-Jul-17,Jul,2608.59,2916.14,2498.87,2518.66,"917,412,000","42,864,200,000",2563.625,1.563406988,0.016016574,FALSE
124,6-Jul-17,Jul,2608.1,2616.72,2581.69,2608.56,"761,957,000","42,851,400,000",2608.33,1.603587738,0.04018075,TRUE
125,5-Jul-17,Jul,2602.87,2622.65,2538.55,2601.99,"941,566,000","42,760,800,000",2602.43,1.598284831,-0.005302906,TRUE
126,4-Jul-17,Jul,2561,2631.59,2559.35,2601.64,"985,516,000","42,067,900,000",2581.32,1.579311213,-0.018973619,TRUE
127,3-Jul-17,Jul,2498.56,2595,2480.47,2564.06,"964,112,000","41,037,200,000",2531.31,1.534362341,-0.044948871,TRUE
128,2-Jul-17,Jul,2436.4,2514.28,2394.84,2506.47,"803,747,000","40,010,500,000",2471.435,1.480546831,-0.05381551,TRUE
129,1-Jul-17,Jul,2492.6,2515.27,2419.23,2434.55,"779,914,000","40,928,200,000",2463.575,1.473482281,-0.00706455,FALSE
130,30-Jun-17,Jun,2539.24,2559.25,2478.43,2480.84,"860,273,000","41,689,100,000",2510.04,1.515244915,0.041762634,FALSE
131,29-Jun-17,Jun,2567.56,2588.83,2510.48,2539.32,"949,979,000","42,150,300,000",2553.44,1.554252734,0.039007819,FALSE
132,28-Jun-17,Jun,2553.03,2603.98,2484.42,2574.79,"1,183,870,000","41,906,700,000",2563.91,1.563663145,0.009410412,TRUE
133,27-Jun-17,Jun,2478.45,2552.45,2332.99,2552.45,"1,489,790,000","40,677,900,000",2515.45,1.52010741,-0.043555735,TRUE
134,26-Jun-17,Jun,2590.57,2615.25,2376.29,2478.45,"1,663,280,000","42,514,000,000",2534.51,1.537238494,0.017131084,FALSE
135,25-Jun-17,Jun,2607.25,2682.26,2552.12,2589.41,"1,161,100,000","42,783,800,000",2598.33,1.594599761,0.057361267,FALSE
136,24-Jun-17,Jun,2738.52,2757.94,2583.19,2608.72,"982,750,000","44,932,900,000",2673.62,1.662270237,0.067670476,FALSE
137,23-Jun-17,Jun,2707.34,2765.17,2706.37,2744.91,"961,319,000","44,415,900,000",2726.125,1.709461609,0.047191371,TRUE
138,22-Jun-17,Jun,2691.03,2723.74,2642.36,2705.41,"1,097,940,000","44,143,700,000",2698.22,1.68438066,-0.025080949,TRUE
139,21-Jun-17,Jun,2709.43,2772.01,2660.4,2689.1,"1,626,580,000","44,440,800,000",2699.265,1.685319903,0.000939244,FALSE
140,20-Jun-17,Jun,2591.26,2763.45,2589.82,2721.79,"1,854,190,000","42,498,000,000",2656.525,1.646905291,-0.038414612,TRUE
141,19-Jun-17,Jun,2549.03,2662.85,2549.03,2589.6,"1,446,840,000","41,800,600,000",2569.315,1.568521147,-0.078384144,TRUE
142,18-Jun-17,Jun,2655.35,2662.1,2516.33,2548.29,"1,178,660,000","43,539,300,000",2601.82,1.597736565,0.029215418,FALSE
143,17-Jun-17,Jun,2514.01,2685.19,2484.96,2655.88,"1,534,510,000","41,217,200,000",2584.945,1.582569354,-0.015167211,TRUE
144,16-Jun-17,Jun,2469.57,2539.92,2385.15,2518.56,"1,195,190,000","40,484,100,000",2494.065,1.500886622,-0.081682732,TRUE
145,15-Jun-17,Jun,2499.58,2534.71,2212.96,2464.58,"2,026,260,000","40,971,300,000",2482.08,1.490114532,-0.01077209,FALSE
146,14-Jun-17,Jun,2716.88,2786.83,2412.94,2506.37,"1,696,560,000","44,528,300,000",2611.625,1.606549276,0.116434744,FALSE
147,13-Jun-17,Jun,2680.91,2789.04,2650.38,2717.02,"1,781,200,000","43,934,100,000",2698.965,1.685050264,0.078500988,TRUE
148,12-Jun-17,Jun,2953.22,2997.26,2518.56,2659.63,"2,569,530,000","48,391,200,000",2806.425,1.781635061,0.096584797,FALSE
149,11-Jun-17,Jun,2942.41,2996.6,2840.53,2958.11,"1,752,400,000","48,208,700,000",2950.26,1.910913624,0.129278562,TRUE
150,10-Jun-17,Jun,2828.14,2950.99,2746.55,2947.71,"2,018,890,000","46,331,400,000",2887.925,1.854887071,-0.056026553,TRUE
151,9-Jun-17,Jun,2807.44,2901.71,2795.62,2823.81,"1,348,950,000","45,987,100,000",2815.625,1.789904,-0.064983071,TRUE
152,8-Jun-17,Jun,2720.49,2815.3,2670.95,2805.62,"1,281,170,000","44,557,100,000",2763.055,1.742654206,-0.047249793,TRUE
153,7-Jun-17,Jun,2869.38,2869.38,2700.56,2732.16,"1,517,710,000","46,989,800,000",2800.77,1.77655236,0.033898154,FALSE
154,6-Jun-17,Jun,2690.84,2999.91,2690.84,2863.2,"2,089,610,000","44,061,000,000",2777.02,1.755205916,-0.021346445,TRUE
155,5-Jun-17,Jun,2512.4,2686.81,2510.22,2686.81,"1,369,310,000","41,133,900,000",2599.605,1.595745728,-0.159460188,TRUE
156,4-Jun-17,Jun,2547.79,2585.89,2452.54,2511.81,"1,355,120,000","41,708,200,000",2529.8,1.533005157,-0.062740571,FALSE
157,3-Jun-17,Jun,2493.72,2581.91,2423.57,2515.35,"1,514,950,000","40,817,100,000",2504.535,1.510297034,-0.022708123,TRUE
158,2-Jun-17,Jun,2404.03,2488.55,2373.32,2488.55,"1,317,030,000","39,344,600,000",2446.29,1.457946564,-0.05235047,TRUE
159,1-Jun-17,Jun,2288.33,2448.39,2288.33,2407.88,"1,653,180,000","37,446,200,000",2348.105,1.369698115,-0.088248449,TRUE
160,31-May-17,May,2187.19,2311.08,2145.57,2286.41,"1,544,830,000","35,786,700,000",2236.8,1.269657441,-0.100040674,TRUE
161,30-May-17,May,2255.36,2301.96,2124.57,2175.47,"1,443,970,000","36,897,000,000",2215.415,1.250436653,-0.019220788,FALSE
162,29-May-17,May,2159.43,2307.05,2107.17,2255.61,"994,625,000","35,323,500,000",2207.52,1.243340645,-0.007096008,TRUE
163,28-May-17,May,2054.08,2267.34,2054.08,2155.8,"1,147,140,000","33,595,900,000",2104.94,1.15114198,-0.092198665,TRUE
164,27-May-17,May,2196.27,2260.2,1855.83,2038.87,"1,700,480,000","35,917,100,000",2117.57,1.162493795,0.011351815,FALSE
165,26-May-17,May,2321.255,2511.955,2070.565,2171.925,"1,763,480,000","37,950,600,000",2246.59,1.27845667,0.115962875,FALSE
166,25-May-17,May,2446.24,2763.71,2285.3,2304.98,"2,406,700,000","39,995,400,000",2375.61,1.394419545,0.115962875,FALSE
167,24-May-17,May,2321.37,2523.72,2321.37,2443.64,"1,725,380,000","37,949,200,000",2382.505,1.400616755,0.00619721,TRUE
168,23-May-17,May,2182.28,2413.81,2169.62,2308.52,"1,378,750,000","35,822,600,000",2245.4,1.277387101,-0.123229654,TRUE
169,22-May-17,May,2043.19,2303.9,2017.87,2173.4,"1,942,220,000","33,393,600,000",2108.295,1.154157447,-0.123229654,TRUE
170,21-May-17,May,2067.03,2119.08,2037.5,2041.2,"1,147,860,000","33,779,400,000",2054.115,1.105460589,-0.048696858,FALSE
171,20-May-17,May,1984.24,2084.73,1974.92,2084.73,"961,336,000","32,422,400,000",2034.485,1.087817191,-0.017643398,TRUE
172,19-May-17,May,1897.37,2004.52,1890.25,1987.71,"1,157,290,000","30,999,000,000",1942.54,1.005177239,-0.082639951,TRUE
173,18-May-17,May,1818.7,1904.48,1807.12,1888.65,"894,321,000","29,710,500,000",1853.675,0.925305585,-0.079871655,TRUE
174,17-May-17,May,1726.73,1864.05,1661.91,1839.09,"1,064,730,000","28,204,800,000",1782.91,0.861702168,-0.063603417,TRUE
175,16-May-17,May,1741.7,1785.94,1686.54,1734.45,"959,045,000","28,446,300,000",1738.075,0.821404575,-0.040297593,FALSE
176,15-May-17,May,1808.44,1812.8,1708.54,1738.43,"731,529,000","29,532,600,000",1773.435,0.85318606,0.031781485,FALSE
177,14-May-17,May,1800.86,1831.42,1776.62,1808.91,"437,196,000","29,405,100,000",1804.885,0.881453247,0.028267187,TRUE
178,13-May-17,May,1723.12,1812.99,1651.08,1804.91,"579,635,000","28,132,300,000",1764.015,0.844719386,-0.036733861,TRUE
179,12-May-17,May,1845.76,1856.15,1694.01,1724.24,"740,984,000","30,131,100,000",1785,0.863580655,0.018861269,FALSE
180,11-May-17,May,1780.37,1873.93,1755.35,1848.57,"799,490,000","29,060,600,000",1814.47,0.890068222,0.026487567,TRUE
181,10-May-17,May,1756.52,1788.44,1719.1,1787.13,"915,723,000","28,668,100,000",1771.825,0.851738996,-0.038329226,TRUE
182,9-May-17,May,1723.89,1833.49,1716.3,1755.36,"1,167,920,000","28,132,200,000",1739.625,0.822797711,-0.028941285,TRUE
183,8-May-17,May,1596.92,1723.35,1596.92,1723.35,"1,340,320,000","26,056,500,000",1660.135,0.751352285,-0.071445426,TRUE
184,7-May-17,May,1579.47,1596.72,1559.76,1596.71,"1,080,030,000","25,768,500,000",1588.09,0.686598407,-0.064753878,TRUE
185,6-May-17,May,1556.81,1578.8,1542.5,1578.8,"582,530,000","25,395,600,000",1567.805,0.668366296,-0.018232111,TRUE
186,5-May-17,May,1540.87,1618.03,1530.31,1555.45,"946,036,000","25,133,100,000",1548.16,0.650709416,-0.01765688,TRUE
187,4-May-17,May,1490.72,1608.91,1490.72,1537.67,"933,549,000","24,311,900,000",1514.195,0.620181753,-0.030527663,TRUE
188,3-May-17,May,1453.78,1492.77,1447.49,1490.09,"583,796,000","23,707,100,000",1471.935,0.582198564,-0.037983189,TRUE
189,2-May-17,May,1421.03,1473.9,1415.69,1452.82,"477,338,000","23,170,200,000",1436.925,0.550731657,-0.031466906,TRUE
190,1-May-17,May,1348.3,1434.32,1348.3,1421.6,"713,624,000","21,981,800,000",1384.95,0.504016649,-0.046715009,TRUE
191,30-Apr-17,Apr,1321.87,1347.91,1314.92,1347.89,"413,115,000","21,548,400,000",1334.88,0.45901385,-0.045002799,TRUE
192,29-Apr-17,Apr,1317.84,1327.2,1315.21,1321.79,"422,706,000","21,479,800,000",1319.815,0.445473463,-0.013540387,TRUE
193,28-Apr-17,Apr,1317.74,1331.28,1292.37,1316.48,"527,489,000","21,476,000,000",1317.11,0.443042215,-0.002431248,FALSE
194,27-Apr-17,Apr,1281.88,1319.7,1281.3,1317.73,"449,197,000","20,889,200,000",1299.805,0.427488521,-0.015553694,TRUE
195,26-Apr-17,Apr,1265.99,1294.83,1265.93,1281.08,"329,631,000","20,627,900,000",1273.535,0.403877107,-0.023611415,TRUE
196,25-Apr-17,Apr,1250.45,1267.58,1249.97,1265.49,"242,556,000","20,372,300,000",1257.97,0.389887321,-0.013989786,TRUE
197,24-Apr-17,Apr,1209.63,1250.94,1209.63,1250.15,"235,806,000","19,705,400,000",1229.89,0.364649083,-0.025238238,TRUE
198,23-Apr-17,Apr,1231.92,1232.2,1203.94,1207.21,"258,951,000","20,066,200,000",1219.565,0.355368997,-0.009280086,FALSE
199,22-Apr-17,Apr,1222.71,1235.56,1208.47,1231.71,"249,320,000","19,913,900,000",1227.21,0.362240305,0.006871308,TRUE
200,21-Apr-17,Apr,1229.42,1235.94,1215.56,1222.05,"272,167,000","20,020,700,000",1225.735,0.360914578,-0.001325727,FALSE
201,20-Apr-17,Apr,1211.08,1240.79,1208.41,1229.08,"315,108,000","19,719,900,000",1220.08,0.355831878,-0.005082701,TRUE
202,19-Apr-17,Apr,1212.13,1215.51,1205.08,1210.29,"288,061,000","19,734,800,000",1211.21,0.347859542,-0.007972335,FALSE
203,18-Apr-17,Apr,1193.77,1217.57,1193.77,1211.67,"270,524,000","19,433,800,000",1202.72,0.34022875,-0.007630792,TRUE
204,17-Apr-17,Apr,1183.25,1194.9,1172.65,1193.91,"253,206,000","19,260,500,000",1188.58,0.327519751,-0.012708999,TRUE
205,16-Apr-17,Apr,1172.61,1187.22,1172.61,1182.94,"183,231,000","19,085,100,000",1177.775,0.317808242,-0.009711509,TRUE
206,15-Apr-17,Apr,1167.3,1188,1164.96,1172.52,"203,559,000","18,996,500,000",1169.91,0.310739199,-0.007069044,TRUE
207,14-Apr-17,Apr,1170.33,1190.8,1159.79,1167.54,"254,827,000","19,043,800,000",1168.935,0.309862871,-0.000876328,FALSE
208,13-Apr-17,Apr,1201.02,1205.89,1156.44,1169.28,"351,969,000","19,541,300,000",1185.15,0.324436875,0.014574004,FALSE
209,12-Apr-17,Apr,1204.81,1207.14,1196.76,1200.37,"288,702,000","19,600,800,000",1202.59,0.340111906,0.015675031,FALSE
210,11-Apr-17,Apr,1187.46,1208.07,1187.46,1205.01,"216,182,000","19,316,000,000",1196.235,0.334400047,-0.005711859,TRUE
211,10-Apr-17,Apr,1187.3,1190.34,1179.04,1187.13,"215,883,000","19,311,200,000",1187.215,0.326292892,-0.008107155,FALSE
212,9-Apr-17,Apr,1176.57,1197.21,1171.86,1187.87,"242,343,000","19,134,400,000",1182.22,0.321803398,-0.004489494,TRUE
213,8-Apr-17,Apr,1172.65,1184.98,1162.58,1175.95,"209,312,000","19,068,600,000",1174.3,0.31468492,-0.007118478,FALSE
214,7-Apr-17,Apr,1178.94,1186.58,1163.39,1176.9,"317,022,000","19,168,500,000",1177.92,0.317938568,0.003253648,FALSE
215,6-Apr-17,Apr,1125.81,1188.37,1125.81,1182.68,"511,222,000","18,302,600,000",1154.245,0.296659533,-0.021279035,TRUE
216,5-Apr-17,Apr,1134.14,1135.09,1113.63,1124.78,"414,784,000","18,435,700,000",1129.46,0.274382833,-0.0222767,FALSE
217,4-Apr-17,Apr,1145.52,1156.44,1120.52,1133.25,"436,310,000","18,619,000,000",1139.385,0.2833034,0.008920567,FALSE
218,3-Apr-17,Apr,1102.95,1151.74,1102.95,1143.81,"580,444,000","17,924,600,000",1123.38,0.268918143,-0.014385257,TRUE
219,2-Apr-17,Apr,1080.61,1107.59,1075.45,1102.17,"514,187,000","17,559,400,000",1091.39,0.240165606,-0.028752537,TRUE
220,1-Apr-17,Apr,1071.71,1091.72,1061.09,1080.5,"289,634,000","17,413,000,000",1076.105,0.226427484,-0.013738122,TRUE
221,31-Mar-17,Mar,1026.64,1074.92,1026.64,1071.79,"447,287,000","16,679,000,000",1049.215,0.202258814,-0.024168669,TRUE
222,30-Mar-17,Mar,1042.21,1049.29,1020.04,1026.43,"352,969,000","16,929,800,000",1034.32,0.188871223,-0.013387591,FALSE
223,29-Mar-17,Mar,1046.08,1055.13,1015.88,1039.97,"298,458,000","16,990,900,000",1043.025,0.196695257,0.007824034,FALSE
224,28-Mar-17,Mar,1044.58,1064.65,1027.73,1047.15,"326,332,000","16,964,500,000",1045.865,0.199247842,0.002552585,TRUE
225,27-Mar-17,Mar,972.05,1046.4,971.98,1045.77,"372,535,000","15,785,000,000",1008.91,0.166032774,-0.033215068,TRUE
226,26-Mar-17,Mar,974.01,1007.96,954.19,966.73,"303,668,000","15,814,800,000",970.37,0.131393112,-0.034639662,FALSE
227,25-Mar-17,Mar,936.54,975.76,903.71,972.78,"435,803,000","15,204,800,000",954.66,0.117273001,-0.014120111,TRUE
228,24-Mar-17,Mar,1038.45,1040.47,934.36,937.52,"491,038,000","16,857,000,000",987.985,0.147225433,0.029952432,FALSE
229,23-Mar-17,Mar,1050.05,1058.01,1028.93,1038.59,"248,540,000","17,043,400,000",1044.32,0.1978592,0.050633767,FALSE
230,22-Mar-17,Mar,1120.65,1120.65,1014.21,1049.14,"380,841,000","18,187,100,000",1084.895,0.234327915,0.036468715,FALSE
231,21-Mar-17,Mar,1055.36,1122.43,1055.36,1120.54,"337,391,000","17,125,600,000",1087.95,0.237073742,0.002745827,TRUE
232,20-Mar-17,Mar,1037.24,1063.03,1036.68,1054.23,"286,530,000","16,829,800,000",1045.735,0.199130998,-0.037942743,TRUE
233,19-Mar-17,Mar,976.73,1069.91,976.73,1036.74,"406,648,000","15,846,000,000",1006.735,0.164077889,-0.035053109,TRUE
234,18-Mar-17,Mar,1099.69,1114.07,957.65,973.82,"621,302,000","17,838,700,000",1036.755,0.191059795,0.026981906,FALSE
235,17-Mar-17,Mar,1180.16,1180.16,1099.57,1100.23,"706,599,000","19,141,800,000",1140.195,0.284031426,0.092971631,FALSE
236,16-Mar-17,Mar,1251.33,1257.98,1152.44,1187.81,"638,568,000","20,293,700,000",1219.57,0.355373491,0.071342065,FALSE
237,15-Mar-17,Mar,1240.16,1251.61,1239.75,1249.61,"297,805,000","20,110,400,000",1244.885,0.378126554,0.022753063,TRUE
238,14-Mar-17,Mar,1232.16,1244.81,1220.72,1240,"245,306,000","19,978,200,000",1236.08,0.37021264,-0.007913913,TRUE
239,13-Mar-17,Mar,1221.78,1237.37,1217.03,1231.92,"380,277,000","19,807,700,000",1226.85,0.361916738,-0.008295902,TRUE
240,12-Mar-17,Mar,1176.62,1226.98,1175.36,1221.38,"227,176,000","19,073,300,000",1199,0.336885223,-0.025031515,TRUE
241,11-Mar-17,Mar,1116.32,1193.83,1116.32,1175.83,"283,320,000","18,093,700,000",1146.075,0.289316356,-0.047568866,TRUE
242,10-Mar-17,Mar,1189.36,1270.47,1077.25,1116.72,"563,796,000","19,275,300,000",1153.04,0.295576482,0.006260126,FALSE
243,9-Mar-17,Mar,1150.35,1197.46,1141.23,1188.49,"212,283,000","18,640,900,000",1169.42,0.310298788,0.014722306,TRUE
244,8-Mar-17,Mar,1223.23,1232.16,1148.08,1150,"332,603,000","19,819,800,000",1186.615,0.325753614,0.015454826,FALSE
245,7-Mar-17,Mar,1273.21,1275.55,1204.8,1223.54,"291,256,000","20,627,100,000",1248.375,0.381263357,0.055509744,FALSE
246,6-Mar-17,Mar,1267.47,1276,1264.6,1272.83,"153,657,000","20,531,900,000",1270.15,0.400834677,0.019571319,TRUE
247,5-Mar-17,Mar,1254.29,1267.29,1238.06,1267.12,"134,127,000","20,316,000,000",1260.705,0.392345533,-0.008489144,TRUE
248,4-Mar-17,Mar,1277.43,1279.4,1230.51,1255.15,"183,270,000","20,688,800,000",1266.29,0.397365318,0.005019785,FALSE
249,3-Mar-17,Mar,1250.71,1280.31,1250.71,1274.99,"315,739,000","20,253,700,000",1262.85,0.394273454,-0.003091864,TRUE
250,2-Mar-17,Mar,1224.68,1262.13,1215.62,1251.01,"368,275,000","19,829,800,000",1237.845,0.371799018,-0.022474436,TRUE
251,1-Mar-17,Mar,1180.04,1222.5,1179.69,1222.5,"229,057,000","19,104,800,000",1201.27,0.338925493,-0.032873525,TRUE
252,28-Feb-17,Feb,1180.72,1193.25,1171.82,1179.97,"184,956,000","19,113,600,000",1180.345,0.320118152,-0.018807341,FALSE
253,27-Feb-17,Feb,1163.78,1181.98,1163.38,1179.97,"131,570,000","18,837,300,000",1171.875,0.312505336,-0.007612816,TRUE
254,26-Feb-17,Feb,1144.27,1167.47,1130.2,1165.2,"116,486,000","18,518,900,000",1154.735,0.297099944,-0.015405392,TRUE
255,25-Feb-17,Feb,1170.41,1174.85,1124.59,1143.84,"139,961,000","18,939,500,000",1157.125,0.29924807,0.002148126,FALSE
256,24-Feb-17,Feb,1172.71,1200.39,1131.96,1173.68,"330,759,000","18,974,400,000",1173.195,0.313691749,0.014443678,TRUE
257,23-Feb-17,Feb,1117.27,1176.62,1116.96,1166.72,"189,454,000","18,075,200,000",1141.995,0.285649262,-0.028042487,TRUE
258,22-Feb-17,Feb,1114.8,1125.39,1100.55,1117.44,"136,100,000","18,033,400,000",1116.12,0.262392872,-0.02325639,TRUE
259,21-Feb-17,Feb,1079.28,1117.25,1076.93,1115.3,"186,869,000","17,456,900,000",1097.29,0.245468512,-0.01692436,TRUE
260,20-Feb-17,Feb,1048.69,1080.49,1041.69,1079.98,"109,478,000","16,960,200,000",1064.335,0.215848635,-0.029619877,TRUE
261,19-Feb-17,Feb,1054.76,1056.81,1043.46,1047.87,"77,423,300","17,056,600,000",1051.315,0.204146289,-0.011702346,FALSE
262,18-Feb-17,Feb,1049.21,1061.1,1046.96,1054.42,"99,073,500","16,964,800,000",1051.815,0.204595688,0.000449399,TRUE
263,17-Feb-17,Feb,1026.12,1053.17,1025.64,1046.21,"136,474,000","16,589,600,000",1036.165,0.190529505,-0.014066183,TRUE
264,16-Feb-17,Feb,1007.65,1033.37,1007.65,1027.44,"122,277,000","16,289,100,000",1017.545,0.173793892,-0.016735613,TRUE
265,15-Feb-17,Feb,1006.21,1008.84,1001.58,1007.48,"89,759,400","16,264,100,000",1006.845,0.164176757,-0.009617135,TRUE
266,14-Feb-17,Feb,991.74,1011.51,986.47,1004.55,"137,946,000","16,028,000,000",998.145,0.156357217,-0.00781954,TRUE
267,13-Feb-17,Feb,998.88,1002.1,976,990.64,"100,607,000","16,141,500,000",994.76,0.153314787,-0.00304243,FALSE
268,12-Feb-17,Feb,1003.52,1004.76,996.92,999.18,"67,530,000","16,214,700,000",1001.35,0.159237864,0.005923077,FALSE
269,11-Feb-17,Feb,988.9,1009.29,982.83,1004.45,"102,261,000","15,976,700,000",996.675,0.155035985,-0.004201879,TRUE
270,10-Feb-17,Feb,995.63,998.9,946.69,988.67,"190,452,000","16,083,600,000",992.15,0.150968925,-0.004067059,FALSE
271,9-Feb-17,Feb,1064.7,1088.99,953.34,994.38,"407,220,000","17,197,100,000",1029.54,0.18457497,0.033606045,FALSE
272,8-Feb-17,Feb,1062.32,1078.97,1037.49,1063.07,"201,855,000","17,156,700,000",1062.695,0.214374607,0.029799637,TRUE
273,7-Feb-17,Feb,1040.14,1061.93,1040.14,1061.35,"146,007,000","16,796,600,000",1050.745,0.203633975,-0.010740632,TRUE
274,6-Feb-17,Feb,1028.4,1044.64,1028.16,1038.15,"111,762,000","16,605,400,000",1033.275,0.187931979,-0.015701995,TRUE
275,5-Feb-17,Feb,1043.52,1043.63,1022.37,1027.34,"114,208,000","16,847,400,000",1035.43,0.189868888,0.001936909,FALSE
276,4-Feb-17,Feb,1031.33,1045.9,1015.16,1042.9,"155,064,000","16,648,800,000",1037.115,0.191383363,0.001514474,TRUE
277,3-Feb-17,Feb,1011.46,1033.87,1008.79,1029.91,"201,278,000","16,326,100,000",1020.685,0.176616117,-0.014767246,TRUE
278,2-Feb-17,Feb,990,1013.52,983.22,1011.8,"145,821,000","15,977,800,000",1000.9,0.158833405,-0.017782712,TRUE
279,1-Feb-17,Feb,970.94,989.11,970.74,989.02,"150,110,000","15,667,900,000",979.98,0.140030558,-0.018802847,TRUE
280,31-Jan-17,Jan,920.96,972.02,920.96,970.4,"164,582,000","14,859,700,000",945.68,0.109201798,-0.03082876,TRUE
281,30-Jan-17,Jan,920.15,923.05,919.47,920.38,"78,227,300","14,844,900,000",920.265,0.086358855,-0.022842943,TRUE
282,29-Jan-17,Jan,922.07,923.42,919.15,919.5,"60,851,700","14,874,000,000",920.785,0.08682623,0.000467375,FALSE
283,28-Jan-17,Jan,919.81,923.91,919.81,921.59,"68,979,600","14,835,800,000",920.7,0.086749832,-7.64E-05,TRUE
284,27-Jan-17,Jan,918.36,923.22,915.85,919.75,"125,594,000","14,810,400,000",919.055,0.08527131,-0.001478522,TRUE
285,26-Jan-17,Jan,902.39,919.33,902.22,917.59,"131,958,000","14,551,200,000",909.99,0.077123709,-0.008147601,TRUE
286,25-Jan-17,Jan,891.92,903.25,891.69,901.54,"120,831,000","14,380,700,000",896.73,0.065205652,-0.011918057,TRUE
287,24-Jan-17,Jan,910.68,924.14,892.29,892.69,"111,349,000","14,681,400,000",901.685,0.069659195,0.004453542,FALSE
288,23-Jan-17,Jan,925.5,928.27,916.74,921.01,"73,588,600","14,918,800,000",923.255,0.08904626,0.019387066,FALSE
289,22-Jan-17,Jan,922.21,937.52,897.56,924.67,"116,573,000","14,863,600,000",923.44,0.089212538,0.000166278,TRUE
290,21-Jan-17,Jan,895.55,927.37,895.53,921.79,"111,158,000","14,432,000,000",908.67,0.075937296,-0.013275242,TRUE
291,20-Jan-17,Jan,898.17,899.4,887.01,895.03,"86,728,400","14,472,100,000",896.6,0.065088808,-0.010848488,FALSE
292,19-Jan-17,Jan,888.34,904.61,884.34,899.07,"105,625,000","14,311,700,000",893.705,0.062486789,-0.002602019,TRUE
293,18-Jan-17,Jan,909.37,917.5,858.3,886.62,"225,677,000","14,648,900,000",897.995,0.066342631,0.003855842,FALSE
294,17-Jan-17,Jan,830.95,910.56,830.8,907.94,"155,095,000","13,383,900,000",869.445,0.040681958,-0.025660673,TRUE
295,16-Jan-17,Jan,821.78,834.53,820.27,831.53,"82,755,200","13,234,600,000",826.655,0.002222406,-0.038459552,TRUE
296,15-Jan-17,Jan,818.14,823.31,812.87,821.8,"71,013,600","13,174,300,000",819.97,-0.003786057,-0.006008462,TRUE
297,14-Jan-17,Jan,825.14,835.09,812.46,818.41,"93,063,300","13,285,200,000",821.775,-0.002163727,0.00162233,FALSE
298,13-Jan-17,Jan,803.74,829,780,823.98,"168,968,000","12,939,100,000",813.86,-0.00927771,-0.007113984,TRUE
299,12-Jan-17,Jan,775.18,826.25,755.76,804.83,"222,326,000","12,477,600,000",790.005,-0.030718529,-0.021440818,TRUE
300,11-Jan-17,Jan,908.12,919.45,762.76,777.76,"310,929,000","14,615,700,000",842.94,0.016859326,0.047577854,FALSE
301,10-Jan-17,Jan,902.44,914.87,901.06,907.68,"115,808,000","14,522,600,000",905.06,0.072692637,0.055833311,TRUE
302,9-Jan-17,Jan,913.24,913.69,879.81,902.83,"141,877,000","14,694,900,000",908.035,0.07536656,0.002673923,FALSE
303,8-Jan-17,Jan,908.17,942.72,887.25,911.2,"158,715,000","14,611,400,000",909.685,0.076849576,0.001483016,TRUE
304,7-Jan-17,Jan,903.49,908.59,823.56,908.59,"279,550,000","14,534,400,000",906.04,0.073573458,-0.003276117,TRUE
305,6-Jan-17,Jan,1014.24,1046.81,883.94,902.2,"351,876,000","16,314,100,000",958.22,0.120472721,0.046899262,FALSE
306,5-Jan-17,Jan,1156.73,1191.1,910.42,1013.38,"510,199,000","18,604,000,000",1085.055,0.234471723,0.113999002,FALSE
307,4-Jan-17,Jan,1044.4,1159.42,1044.4,1154.73,"344,946,000","16,795,400,000",1099.565,0.247513277,0.013041554,TRUE
308,3-Jan-17,Jan,1021.6,1044.08,1021.6,1043.84,"185,168,000","16,426,600,000",1032.72,0.187433147,-0.06008013,TRUE
309,2-Jan-17,Jan,998.62,1031.39,996.7,1021.75,"222,185,000","16,055,100,000",1010.185,0.167178741,-0.020254405,TRUE
310,1-Jan-17,Jan,963.66,1003.08,958.7,998.33,"147,775,000","15,491,200,000",980.995,0.140942837,-0.026235904,TRUE
